"year"," month","carrier","carrier_name","airport","airport_name","arr_flights","arr_del15","carrier_ct"," weather_ct","nas_ct","security_ct","late_aircraft_ct","arr_cancelled","arr_diverted"," arr_delay"," carrier_delay","weather_delay","nas_delay","security_delay","late_aircraft_delay",
2019,1,"NK","Spirit Air Lines","BDL","Hartford, CT: Bradley International",168.00,19.00,6.37,1.00,5.77,0.59,5.27,1.00,0.00,1655.00,699.00,55.00,157.00,16.00,728.00,
2019,1,"OH","PSA Airlines Inc.","BDL","Hartford, CT: Bradley International",184.00,32.00,11.88,0.37,6.97,0.00,12.78,15.00,2.00,1759.00,734.00,23.00,271.00,0.00,731.00,
2019,1,"OO","SkyWest Airlines Inc.","BDL","Hartford, CT: Bradley International",44.00,8.00,1.82,1.34,1.56,1.00,2.28,1.00,0.00,329.00,69.00,41.00,45.00,43.00,131.00,
2019,1,"UA","United Air Lines Inc.","BDL","Hartford, CT: Bradley International",118.00,25.00,7.94,4.36,6.09,0.00,6.61,6.00,0.00,1785.00,312.00,293.00,147.00,0.00,1033.00,
2019,1,"WN","Southwest Airlines Co.","BDL","Hartford, CT: Bradley International",490.00,80.00,31.16,0.70,15.23,1.57,31.35,33.00,2.00,3824.00,1637.00,45.00,488.00,42.00,1612.00,
2019,1,"YV","Mesa Airlines Inc.","BDL","Hartford, CT: Bradley International",115.00,19.00,9.00,0.00,7.00,0.00,3.00,8.00,0.00,1529.00,1024.00,0.00,365.00,0.00,140.00,
2019,1,"YX","Republic Airline","BDL","Hartford, CT: Bradley International",31.00,0.00,0.00,0.00,0.00,0.00,0.00,6.00,0.00,0.00,0.00,0.00,0.00,0.00,0.00,
2019,2,"9E","Endeavor Air Inc.","BDL","Hartford, CT: Bradley International",93.00,8.00,1.10,0.28,2.04,0.00,4.58,3.00,0.00,487.00,30.00,19.00,127.00,0.00,311.00,
2019,2,"AA","American Airlines Inc.","BDL","Hartford, CT: Bradley International",382.00,77.00,32.86,1.59,8.28,0.00,34.27,10.00,0.00,4423.00,1970.00,68.00,306.00,0.00,2079.00,
2019,2,"B6","JetBlue Airways","BDL","Hartford, CT: Bradley International",334.00,93.00,46.48,0.00,6.38,0.00,40.15,8.00,0.00,7075.00,3483.00,0.00,315.00,0.00,3277.00,
2019,2,"DL","Delta Air Lines Inc.","BDL","Hartford, CT: Bradley International",299.00,41.00,18.83,4.20,8.41,0.00,9.56,0.00,1.00,2896.00,1847.00,236.00,236.00,0.00,577.00,
2019,2,"MQ","Envoy Air","BDL","Hartford, CT: Bradley International",39.00,9.00,1.10,0.12,3.58,1.00,3.20,1.00,0.00,313.00,18.00,8.00,135.00,26.00,126.00,
2019,2,"NK","Spirit Air Lines","BDL","Hartford, CT: Bradley International",150.00,21.00,7.12,0.00,6.30,0.00,7.58,1.00,0.00,2748.00,1349.00,0.00,473.00,0.00,926.00,
2019,2,"OH","PSA Airlines Inc.","BDL","Hartford, CT: Bradley International",196.00,49.00,16.76,2.15,5.56,0.00,24.53,15.00,0.00,3734.00,1177.00,268.00,332.00,0.00,1957.00,
2019,2,"OO","SkyWest Airlines Inc.","BDL","Hartford, CT: Bradley International",45.00,16.00,4.47,1.39,3.14,0.00,7.00,3.00,0.00,1435.00,272.00,186.00,135.00,0.00,842.00,
2019,2,"UA","United Air Lines Inc.","BDL","Hartford, CT: Bradley International",128.00,22.00,5.51,1.94,8.77,0.00,5.78,0.00,0.00,1516.00,266.00,441.00,261.00,0.00,548.00,
2019,2,"WN","Southwest Airlines Co.","BDL","Hartford, CT: Bradley International",427.00,73.00,37.98,1.85,5.50,0.99,26.69,27.00,1.00,4439.00,1948.00,210.00,279.00,220.00,1782.00,
2019,2,"YV","Mesa Airlines Inc.","BDL","Hartford, CT: Bradley International",68.00,9.00,2.00,0.00,4.00,0.00,3.00,0.00,0.00,511.00,201.00,0.00,101.00,0.00,209.00,
2019,2,"YX","Republic Airline","BDL","Hartford, CT: Bradley International",32.00,3.00,0.18,0.15,0.92,0.00,1.75,2.00,0.00,221.00,6.00,10.00,64.00,0.00,141.00,
2019,3,"9E","Endeavor Air Inc.","BDL","Hartford, CT: Bradley International",153.00,15.00,5.08,1.00,0.33,0.00,8.59,0.00,0.00,858.00,343.00,58.00,8.00,0.00,449.00,
2019,3,"AA","American Airlines Inc.","BDL","Hartford, CT: Bradley International",400.00,62.00,23.07,0.00,11.88,0.00,27.04,19.00,0.00,2753.00,1048.00,0.00,342.00,0.00,1363.00,
2019,3,"B6","JetBlue Airways","BDL","Hartford, CT: Bradley International",372.00,95.00,40.54,0.90,13.05,0.00,40.51,8.00,1.00,7380.00,3268.00,66.00,513.00,0.00,3533.00,
2019,3,"DL","Delta Air Lines Inc.","BDL","Hartford, CT: Bradley International",348.00,31.00,17.47,0.68,5.40,0.00,7.46,0.00,0.00,1891.00,1368.00,21.00,223.00,0.00,279.00,
2019,3,"F9","Frontier Airlines Inc.","BDL","Hartford, CT: Bradley International",2.00,0.00,0.00,0.00,0.00,0.00,0.00,0.00,0.00,0.00,0.00,0.00,0.00,0.00,0.00,
2019,3,"MQ","Envoy Air","BDL","Hartford, CT: Bradley International",57.00,4.00,1.05,0.00,2.10,0.00,0.85,0.00,0.00,221.00,37.00,0.00,68.00,0.00,116.00,
2019,3,"NK","Spirit Air Lines","BDL","Hartford, CT: Bradley International",196.00,30.00,12.77,0.00,8.33,0.26,8.64,1.00,0.00,2492.00,904.00,0.00,744.00,22.00,822.00,
2019,3,"OH","PSA Airlines Inc.","BDL","Hartford, CT: Bradley International",238.00,42.00,13.64,1.00,4.45,0.00,22.91,1.00,0.00,2957.00,946.00,66.00,163.00,0.00,1782.00,
2019,3,"OO","SkyWest Airlines Inc.","BDL","Hartford, CT: Bradley International",24.00,3.00,2.00,0.00,1.00,0.00,0.00,0.00,0.00,73.00,53.00,0.00,20.00,0.00,0.00,
2019,3,"UA","United Air Lines Inc.","BDL","Hartford, CT: Bradley International",146.00,21.00,5.76,1.04,3.18,0.00,11.03,1.00,0.00,1844.00,469.00,106.00,183.00,0.00,1086.00,
2019,3,"WN","Southwest Airlines Co.","BDL","Hartford, CT: Bradley International",549.00,105.00,42.77,2.45,12.37,0.00,47.41,12.00,0.00,5056.00,1785.00,70.00,361.00,0.00,2840.00,
2019,3,"YV","Mesa Airlines Inc.","BDL","Hartford, CT: Bradley International",67.00,8.00,5.00,0.00,3.00,0.00,0.00,0.00,0.00,500.00,315.00,0.00,185.00,0.00,0.00,
2019,3,"YX","Republic Airline","BDL","Hartford, CT: Bradley International",41.00,3.00,1.00,0.00,1.12,0.00,0.88,0.00,0.00,149.00,15.00,0.00,34.00,0.00,100.00,
2019,4,"9E","Endeavor Air Inc.","BDL","Hartford, CT: Bradley International",134.00,20.00,4.33,0.76,3.40,0.00,11.52,3.00,0.00,1490.00,484.00,44.00,137.00,0.00,825.00,
2019,4,"AA","American Airlines Inc.","BDL","Hartford, CT: Bradley International",364.00,74.00,26.34,4.30,12.67,0.00,30.69,12.00,0.00,4794.00,1414.00,374.00,680.00,0.00,2326.00,
2019,4,"B6","JetBlue Airways","BDL","Hartford, CT: Bradley International",360.00,100.00,41.60,1.65,17.09,0.00,39.66,1.00,2.00,8636.00,3140.00,230.00,1075.00,0.00,4191.00,
2019,4,"DL","Delta Air Lines Inc.","BDL","Hartford, CT: Bradley International",364.00,47.00,29.83,0.88,7.30,0.00,8.99,1.00,0.00,3560.00,2707.00,60.00,247.00,0.00,546.00,
2019,4,"F9","Frontier Airlines Inc.","BDL","Hartford, CT: Bradley International",15.00,1.00,1.00,0.00,0.00,0.00,0.00,1.00,0.00,45.00,45.00,0.00,0.00,0.00,0.00,
2019,4,"MQ","Envoy Air","BDL","Hartford, CT: Bradley International",55.00,5.00,1.00,2.00,2.00,0.00,0.00,1.00,0.00,141.00,20.00,79.00,42.00,0.00,0.00,
2019,4,"NK","Spirit Air Lines","BDL","Hartford, CT: Bradley International",208.00,25.00,11.76,0.63,7.16,0.00,5.45,8.00,0.00,1452.00,629.00,12.00,409.00,0.00,402.00,
2019,4,"OH","PSA Airlines Inc.","BDL","Hartford, CT: Bradley International",173.00,44.00,12.93,2.14,6.09,0.00,22.85,3.00,0.00,2601.00,752.00,91.00,243.00,0.00,1515.00,
2019,4,"OO","SkyWest Airlines Inc.","BDL","Hartford, CT: Bradley International",28.00,2.00,1.00,1.00,0.00,0.00,0.00,0.00,0.00,140.00,77.00,63.00,0.00,0.00,0.00,
2019,4,"UA","United Air Lines Inc.","BDL","Hartford, CT: Bradley International",206.00,40.00,9.24,0.52,10.40,0.00,19.84,3.00,0.00,2567.00,629.00,33.00,378.00,0.00,1527.00,
2019,4,"WN","Southwest Airlines Co.","BDL","Hartford, CT: Bradley International",594.00,106.00,49.90,1.17,7.17,1.07,46.69,12.00,0.00,6817.00,2979.00,273.00,695.00,90.00,2780.00,
2019,4,"YV","Mesa Airlines Inc.","BDL","Hartford, CT: Bradley International",36.00,9.00,1.00,1.00,0.00,0.00,7.00,0.00,0.00,698.00,161.00,107.00,0.00,0.00,430.00,
2019,4,"YX","Republic Airline","BDL","Hartford, CT: Bradley International",59.00,3.00,1.21,0.00,0.28,0.00,1.51,1.00,0.00,76.00,31.00,0.00,6.00,0.00,39.00,
2019,5,"F9","Frontier Airlines Inc.","BDL","Hartford, CT: Bradley International",39.00,14.00,7.09,1.00,2.96,0.00,2.95,0.00,0.00,733.00,449.00,19.00,145.00,0.00,120.00,
2019,5,"MQ","Envoy Air","BDL","Hartford, CT: Bradley International",86.00,12.00,3.25,1.16,1.15,0.00,6.44,1.00,0.00,619.00,137.00,30.00,59.00,0.00,393.00,
2019,5,"NK","Spirit Air Lines","BDL","Hartford, CT: Bradley International",134.00,22.00,8.33,1.39,7.96,0.04,4.27,1.00,1.00,1724.00,806.00,243.00,549.00,1.00,125.00,
2019,5,"OH","PSA Airlines Inc.","BDL","Hartford, CT: Bradley International",130.00,29.00,9.73,0.44,5.89,0.00,12.94,5.00,0.00,1992.00,296.00,82.00,244.00,0.00,1370.00,
2019,5,"YX","Republic Airline","BDL","Hartford, CT: Bradley International",67.00,5.00,1.29,0.00,2.08,0.00,1.63,1.00,0.00,216.00,60.00,0.00,40.00,0.00,116.00,
2019,5,"OO","SkyWest Airlines Inc.","BDL","Hartford, CT: Bradley International",23.00,1.00,0.71,0.00,0.29,0.00,0.00,0.00,0.00,31.00,22.00,0.00,9.00,0.00,0.00,
2019,5,"UA","United Air Lines Inc.","BDL","Hartford, CT: Bradley International",201.00,37.00,5.68,5.05,6.45,0.00,19.82,0.00,1.00,2947.00,438.00,596.00,284.00,0.00,1629.00,
2019,5,"WN","Southwest Airlines Co.","BDL","Hartford, CT: Bradley International",620.00,133.00,53.91,6.71,16.05,0.00,56.33,14.00,0.00,8385.00,3046.00,469.00,726.00,0.00,4144.00,
2019,5,"YV","Mesa Airlines Inc.","BDL","Hartford, CT: Bradley International",72.00,19.00,12.00,1.00,1.00,0.00,5.00,2.00,0.00,1985.00,1068.00,134.00,66.00,0.00,717.00,
2019,5,"9E","Endeavor Air Inc.","BDL","Hartford, CT: Bradley International",135.00,18.00,6.49,0.35,2.57,0.00,8.59,0.00,0.00,1477.00,499.00,30.00,116.00,0.00,832.00,
2019,5,"AA","American Airlines Inc.","BDL","Hartford, CT: Bradley International",416.00,117.00,42.32,3.49,17.62,0.59,52.98,11.00,0.00,8033.00,3395.00,290.00,683.00,10.00,3655.00,
2019,5,"B6","JetBlue Airways","BDL","Hartford, CT: Bradley International",301.00,81.00,25.06,4.56,17.09,0.00,34.28,0.00,0.00,5682.00,2103.00,225.00,652.00,0.00,2702.00,
2019,5,"DL","Delta Air Lines Inc.","BDL","Hartford, CT: Bradley International",370.00,36.00,18.76,1.00,6.13,0.00,10.11,0.00,1.00,1582.00,882.00,50.00,204.00,0.00,446.00,
2019,6,"9E","Endeavor Air Inc.","BDL","Hartford, CT: Bradley International",68.00,23.00,4.43,0.00,1.62,0.00,16.95,1.00,0.00,2126.00,215.00,0.00,103.00,0.00,1808.00,
2019,6,"AA","American Airlines Inc.","BDL","Hartford, CT: Bradley International",412.00,122.00,37.79,5.59,23.95,0.00,54.67,13.00,1.00,7637.00,2219.00,374.00,1152.00,0.00,3892.00,
2019,6,"B6","JetBlue Airways","BDL","Hartford, CT: Bradley International",279.00,101.00,32.62,9.06,16.69,0.00,42.63,1.00,0.00,8717.00,3072.00,619.00,741.00,0.00,4285.00,
2019,6,"DL","Delta Air Lines Inc.","BDL","Hartford, CT: Bradley International",433.00,76.00,35.49,3.33,13.32,0.00,23.87,1.00,0.00,3866.00,1818.00,128.00,797.00,0.00,1123.00,
2019,6,"F9","Frontier Airlines Inc.","BDL","Hartford, CT: Bradley International",39.00,5.00,1.00,0.63,1.62,0.00,1.75,2.00,0.00,486.00,28.00,92.00,112.00,0.00,254.00,
2019,6,"MQ","Envoy Air","BDL","Hartford, CT: Bradley International",15.00,3.00,0.96,0.22,0.54,0.00,1.28,0.00,0.00,127.00,48.00,11.00,27.00,0.00,41.00,
2019,6,"NK","Spirit Air Lines","BDL","Hartford, CT: Bradley International",129.00,26.00,3.01,3.09,14.06,0.00,5.84,3.00,0.00,1469.00,121.00,204.00,654.00,0.00,490.00,
2019,6,"OH","PSA Airlines Inc.","BDL","Hartford, CT: Bradley International",121.00,40.00,7.54,2.38,8.18,0.00,21.90,2.00,0.00,2930.00,524.00,459.00,570.00,0.00,1377.00,
2019,12,"EV","ExpressJet Airlines LLC","BDL","Hartford, CT: Bradley International",14.00,4.00,2.00,0.00,0.00,0.00,2.00,0.00,0.00,114.00,61.00,0.00,0.00,0.00,53.00,
2019,12,"F9","Frontier Airlines Inc.","BDL","Hartford, CT: Bradley International",34.00,10.00,3.79,1.00,1.17,0.00,4.04,0.00,0.00,1000.00,527.00,19.00,64.00,0.00,390.00,
2019,12,"NK","Spirit Air Lines","BDL","Hartford, CT: Bradley International",167.00,27.00,5.52,0.73,13.59,0.63,6.53,4.00,0.00,1567.00,400.00,129.00,434.00,25.00,579.00,
2019,12,"YV","Mesa Airlines Inc.","BDL","Hartford, CT: Bradley International",105.00,21.00,12.00,0.00,3.00,0.00,6.00,2.00,0.00,1577.00,630.00,0.00,94.00,0.00,853.00,
2019,12,"YX","Republic Airline","BDL","Hartford, CT: Bradley International",94.00,11.00,0.80,0.00,3.53,0.00,6.67,0.00,0.00,433.00,12.00,0.00,134.00,0.00,287.00,
2019,12,"OH","PSA Airlines Inc.","BDL","Hartford, CT: Bradley International",106.00,37.00,5.23,1.43,4.24,0.00,26.10,4.00,0.00,2056.00,230.00,92.00,219.00,0.00,1515.00,
2019,12,"OO","SkyWest Airlines Inc.","BDL","Hartford, CT: Bradley International",63.00,10.00,3.44,1.00,3.56,0.00,2.00,1.00,0.00,589.00,231.00,107.00,89.00,0.00,162.00,
2019,12,"UA","United Air Lines Inc.","BDL","Hartford, CT: Bradley International",142.00,31.00,11.30,0.59,11.83,0.00,7.29,0.00,0.00,1691.00,513.00,45.00,492.00,0.00,641.00,
2019,12,"WN","Southwest Airlines Co.","BDL","Hartford, CT: Bradley International",495.00,128.00,52.49,0.64,26.60,0.00,48.27,11.00,0.00,5413.00,2098.00,30.00,907.00,0.00,2378.00,
2019,12,"9E","Endeavor Air Inc.","BDL","Hartford, CT: Bradley International",73.00,13.00,1.03,0.00,2.50,0.00,9.48,1.00,0.00,821.00,165.00,0.00,86.00,0.00,570.00,
2019,12,"AA","American Airlines Inc.","BDL","Hartford, CT: Bradley International",407.00,82.00,21.38,2.75,24.70,0.48,32.69,0.00,4.00,4429.00,1572.00,163.00,973.00,21.00,1700.00,
2019,12,"B6","JetBlue Airways","BDL","Hartford, CT: Bradley International",281.00,105.00,31.86,0.25,13.57,0.00,59.31,2.00,2.00,8791.00,2620.00,72.00,619.00,0.00,5480.00,
2019,12,"DL","Delta Air Lines Inc.","BDL","Hartford, CT: Bradley International",391.00,51.00,19.84,3.36,20.94,0.00,6.86,0.00,1.00,3690.00,1217.00,602.00,1289.00,0.00,582.00,
2020,1,"9E","Endeavor Air Inc.","BDL","Hartford, CT: Bradley International",166.00,7.00,4.63,0.00,0.38,0.00,2.00,1.00,0.00,521.00,363.00,0.00,9.00,0.00,149.00,
2020,1,"AA","American Airlines Inc.","BDL","Hartford, CT: Bradley International",326.00,39.00,13.69,0.83,10.85,0.00,13.63,1.00,0.00,1701.00,495.00,22.00,298.00,0.00,886.00,
2020,1,"B6","JetBlue Airways","BDL","Hartford, CT: Bradley International",320.00,52.00,18.47,0.00,3.52,0.00,30.01,0.00,1.00,3120.00,1354.00,0.00,131.00,0.00,1635.00,
2020,1,"DL","Delta Air Lines Inc.","BDL","Hartford, CT: Bradley International",276.00,26.00,13.03,0.34,9.61,0.00,3.01,0.00,0.00,983.00,534.00,14.00,339.00,0.00,96.00,
2020,1,"EV","ExpressJet Airlines LLC","BDL","Hartford, CT: Bradley International",1.00,1.00,0.00,0.00,1.00,0.00,0.00,0.00,0.00,21.00,0.00,0.00,21.00,0.00,0.00,
2020,1,"F9","Frontier Airlines Inc.","BDL","Hartford, CT: Bradley International",28.00,1.00,0.00,0.00,0.00,0.00,1.00,0.00,0.00,139.00,0.00,0.00,0.00,0.00,139.00,
2020,1,"MQ","Envoy Air","BDL","Hartford, CT: Bradley International",22.00,5.00,1.00,1.13,1.00,0.00,1.88,0.00,0.00,127.00,17.00,37.00,15.00,0.00,58.00,
2020,1,"NK","Spirit Air Lines","BDL","Hartford, CT: Bradley International",161.00,17.00,2.75,0.00,6.19,0.09,7.98,0.00,0.00,747.00,124.00,0.00,155.00,7.00,461.00,
2020,1,"OH","PSA Airlines Inc.","BDL","Hartford, CT: Bradley International",104.00,28.00,3.80,0.14,3.80,0.00,20.26,0.00,0.00,2399.00,185.00,8.00,189.00,0.00,2017.00,
2020,1,"OO","SkyWest Airlines Inc.","BDL","Hartford, CT: Bradley International",86.00,17.00,11.42,2.00,3.58,0.00,0.00,0.00,0.00,842.00,698.00,58.00,86.00,0.00,0.00,
2020,1,"UA","United Air Lines Inc.","BDL","Hartford, CT: Bradley International",109.00,21.00,3.50,1.40,7.18,0.00,8.92,1.00,0.00,789.00,117.00,54.00,277.00,0.00,341.00,
2020,1,"WN","Southwest Airlines Co.","BDL","Hartford, CT: Bradley International",472.00,66.00,31.50,0.00,12.77,0.00,21.74,4.00,0.00,3145.00,1291.00,0.00,514.00,0.00,1340.00,
2020,1,"YV","Mesa Airlines Inc.","BDL","Hartford, CT: Bradley International",128.00,13.00,9.00,1.00,0.00,0.00,3.00,0.00,0.00,1159.00,802.00,39.00,0.00,0.00,318.00,
2020,1,"YX","Republic Airline","BDL","Hartford, CT: Bradley International",88.00,10.00,1.50,0.08,3.81,0.00,4.61,1.00,1.00,422.00,58.00,3.00,139.00,0.00,222.00,
2020,2,"9E","Endeavor Air Inc.","BDL","Hartford, CT: Bradley International",160.00,18.00,7.11,1.26,1.96,0.00,7.67,0.00,1.00,916.00,235.00,162.00,146.00,0.00,373.00,
2020,2,"AA","American Airlines Inc.","BDL","Hartford, CT: Bradley International",334.00,51.00,21.38,1.38,9.95,0.00,18.29,3.00,1.00,3929.00,1880.00,128.00,329.00,0.00,1592.00,
2020,2,"B6","JetBlue Airways","BDL","Hartford, CT: Bradley International",327.00,63.00,20.43,0.00,9.87,0.00,32.69,0.00,1.00,3480.00,1145.00,0.00,369.00,0.00,1966.00,
2020,2,"DL","Delta Air Lines Inc.","BDL","Hartford, CT: Bradley International",253.00,38.00,13.78,5.26,7.60,0.00,11.36,0.00,0.00,2202.00,585.00,531.00,296.00,0.00,790.00,
2020,2,"EV","ExpressJet Airlines LLC","BDL","Hartford, CT: Bradley International",15.00,3.00,0.00,0.00,2.89,0.00,0.11,0.00,0.00,132.00,0.00,0.00,127.00,0.00,5.00,
2020,2,"F9","Frontier Airlines Inc.","BDL","Hartford, CT: Bradley International",26.00,2.00,1.29,0.00,0.09,0.00,0.62,0.00,0.00,95.00,49.00,0.00,6.00,0.00,40.00,
2020,2,"MQ","Envoy Air","BDL","Hartford, CT: Bradley International",10.00,1.00,0.00,0.00,0.38,0.00,0.63,1.00,0.00,32.00,0.00,0.00,12.00,0.00,20.00,
2020,2,"NK","Spirit Air Lines","BDL","Hartford, CT: Bradley International",187.00,23.00,6.81,0.00,10.50,0.11,5.58,0.00,0.00,1530.00,531.00,0.00,528.00,33.00,438.00,
2020,2,"OH","PSA Airlines Inc.","BDL","Hartford, CT: Bradley International",100.00,25.00,7.16,0.00,0.45,0.00,17.39,7.00,0.00,2393.00,409.00,0.00,36.00,0.00,1948.00,
2020,2,"OO","SkyWest Airlines Inc.","BDL","Hartford, CT: Bradley International",97.00,6.00,5.14,0.00,0.86,0.00,0.00,0.00,0.00,432.00,405.00,0.00,27.00,0.00,0.00,
2020,2,"UA","United Air Lines Inc.","BDL","Hartford, CT: Bradley International",96.00,16.00,2.81,0.00,6.64,0.00,6.55,1.00,0.00,672.00,100.00,0.00,192.00,0.00,380.00,
2020,2,"WN","Southwest Airlines Co.","BDL","Hartford, CT: Bradley International",452.00,63.00,23.76,0.00,10.82,1.51,26.91,4.00,0.00,2937.00,1401.00,0.00,327.00,38.00,1171.00,
2020,2,"YV","Mesa Airlines Inc.","BDL","Hartford, CT: Bradley International",110.00,12.00,10.00,1.00,1.00,0.00,0.00,0.00,0.00,2445.00,2411.00,17.00,17.00,0.00,0.00,
2020,2,"YX","Republic Airline","BDL","Hartford, CT: Bradley International",76.00,7.00,1.18,0.00,2.14,0.00,3.68,1.00,0.00,473.00,87.00,0.00,76.00,0.00,310.00,
2020,4,"9E","Endeavor Air Inc.","BDL","Hartford, CT: Bradley International",42.00,5.00,0.05,0.00,4.05,0.00,0.89,11.00,0.00,101.00,1.00,0.00,83.00,0.00,17.00,
2020,4,"AA","American Airlines Inc.","BDL","Hartford, CT: Bradley International",229.00,6.00,2.93,0.00,1.07,0.00,2.00,84.00,0.00,203.00,86.00,0.00,38.00,0.00,79.00,
2020,4,"B6","JetBlue Airways","BDL","Hartford, CT: Bradley International",122.00,7.00,2.84,0.00,3.20,0.00,0.97,19.00,0.00,284.00,132.00,0.00,89.00,0.00,63.00,
2020,4,"DL","Delta Air Lines Inc.","BDL","Hartford, CT: Bradley International",110.00,4.00,1.60,1.00,1.40,0.00,0.00,31.00,0.00,256.00,123.00,95.00,38.00,0.00,0.00,
2020,4,"F9","Frontier Airlines Inc.","BDL","Hartford, CT: Bradley International",19.00,1.00,1.00,0.00,0.00,0.00,0.00,6.00,0.00,124.00,124.00,0.00,0.00,0.00,0.00,
2020,4,"NK","Spirit Air Lines","BDL","Hartford, CT: Bradley International",56.00,,0.00,0.00,0.00,0.00,0.00,56.00,0.00,0.00,0.00,0.00,0.00,0.00,0.00,
2020,4,"OH","PSA Airlines Inc.","BDL","Hartford, CT: Bradley International",41.00,1.00,1.00,0.00,0.00,0.00,0.00,31.00,0.00,18.00,18.00,0.00,0.00,0.00,0.00,
2020,4,"OO","SkyWest Airlines Inc.","BDL","Hartford, CT: Bradley International",59.00,2.00,1.99,0.00,0.01,0.00,0.00,25.00,0.00,251.00,249.00,0.00,2.00,0.00,0.00,
2020,4,"UA","United Air Lines Inc.","BDL","Hartford, CT: Bradley International",64.00,1.00,1.00,0.00,0.00,0.00,0.00,40.00,0.00,17.00,17.00,0.00,0.00,0.00,0.00,
2020,4,"WN","Southwest Airlines Co.","BDL","Hartford, CT: Bradley International",405.00,9.00,7.60,0.00,1.00,0.00,0.40,167.00,0.00,354.00,302.00,0.00,19.00,0.00,33.00,
2020,4,"YV","Mesa Airlines Inc.","BDL","Hartford, CT: Bradley International",30.00,0.00,0.00,0.00,0.00,0.00,0.00,7.00,0.00,0.00,0.00,0.00,0.00,0.00,0.00,
2020,4,"YX","Republic Airline","BDL","Hartford, CT: Bradley International",29.00,1.00,1.00,0.00,0.00,0.00,0.00,13.00,0.00,64.00,64.00,0.00,0.00,0.00,0.00,
2020,3,"9E","Endeavor Air Inc.","BDL","Hartford, CT: Bradley International",188.00,12.00,5.39,0.11,3.18,0.00,3.32,14.00,1.00,708.00,223.00,8.00,74.00,0.00,403.00,
2020,3,"AA","American Airlines Inc.","BDL","Hartford, CT: Bradley International",383.00,30.00,10.28,0.00,8.66,0.00,11.06,78.00,0.00,1215.00,633.00,0.00,192.00,0.00,390.00,
2020,3,"B6","JetBlue Airways","BDL","Hartford, CT: Bradley International",341.00,40.00,17.40,0.00,12.14,0.00,10.46,43.00,1.00,1889.00,1007.00,0.00,396.00,0.00,486.00,
2020,3,"DL","Delta Air Lines Inc.","BDL","Hartford, CT: Bradley International",300.00,15.00,10.11,0.00,3.52,0.00,1.37,85.00,0.00,665.00,539.00,0.00,76.00,0.00,50.00,
2020,3,"EV","ExpressJet Airlines LLC","BDL","Hartford, CT: Bradley International",27.00,1.00,0.21,0.00,0.79,0.00,0.00,9.00,0.00,62.00,13.00,0.00,49.00,0.00,0.00,
2020,3,"F9","Frontier Airlines Inc.","BDL","Hartford, CT: Bradley International",30.00,2.00,0.84,0.00,0.29,0.00,0.88,10.00,0.00,181.00,93.00,0.00,20.00,0.00,68.00,
2020,3,"NK","Spirit Air Lines","BDL","Hartford, CT: Bradley International",242.00,35.00,13.63,0.00,12.31,0.07,8.99,21.00,0.00,2903.00,1014.00,0.00,962.00,14.00,913.00,
2020,3,"OH","PSA Airlines Inc.","BDL","Hartford, CT: Bradley International",111.00,16.00,4.40,0.89,3.06,0.00,7.65,18.00,0.00,1218.00,254.00,24.00,190.00,0.00,750.00,
2020,3,"YX","Republic Airline","BDL","Hartford, CT: Bradley International",57.00,1.00,0.83,0.00,0.17,0.00,0.00,14.00,0.00,18.00,15.00,0.00,3.00,0.00,0.00,
2020,3,"OO","SkyWest Airlines Inc.","BDL","Hartford, CT: Bradley International",104.00,5.00,2.54,0.00,0.32,0.00,2.14,21.00,1.00,338.00,212.00,0.00,39.00,0.00,87.00,
2020,3,"UA","United Air Lines Inc.","BDL","Hartford, CT: Bradley International",121.00,7.00,1.40,0.00,1.14,0.00,4.46,34.00,0.00,336.00,35.00,0.00,62.00,0.00,239.00,
2020,3,"WN","Southwest Airlines Co.","BDL","Hartford, CT: Bradley International",419.00,25.00,10.61,0.00,9.12,0.00,5.27,49.00,0.00,840.00,433.00,0.00,236.00,0.00,171.00,
2020,3,"YV","Mesa Airlines Inc.","BDL","Hartford, CT: Bradley International",119.00,8.00,5.00,0.00,3.00,0.00,0.00,21.00,0.00,696.00,368.00,0.00,328.00,0.00,0.00,
2020,5,"9E","Endeavor Air Inc.","BDL","Hartford, CT: Bradley International",62.00,1.00,0.92,0.00,0.08,0.00,0.00,11.00,0.00,75.00,69.00,0.00,6.00,0.00,0.00,
2020,5,"AA","American Airlines Inc.","BDL","Hartford, CT: Bradley International",100.00,7.00,5.06,0.00,1.77,0.00,0.16,0.00,0.00,285.00,209.00,0.00,66.00,0.00,10.00,
2020,5,"B6","JetBlue Airways","BDL","Hartford, CT: Bradley International",24.00,2.00,2.00,0.00,0.00,0.00,0.00,0.00,0.00,78.00,78.00,0.00,0.00,0.00,0.00,
2020,5,"DL","Delta Air Lines Inc.","BDL","Hartford, CT: Bradley International",93.00,4.00,2.94,0.00,1.06,0.00,0.00,0.00,0.00,107.00,89.00,0.00,18.00,0.00,0.00,
2020,5,"F9","Frontier Airlines Inc.","BDL","Hartford, CT: Bradley International",14.00,1.00,1.00,0.00,0.00,0.00,0.00,0.00,0.00,25.00,25.00,0.00,0.00,0.00,0.00,
2020,5,"MQ","Envoy Air","BDL","Hartford, CT: Bradley International",18.00,1.00,0.00,0.63,0.37,0.00,0.00,0.00,0.00,95.00,0.00,60.00,35.00,0.00,0.00,
2020,5,"NK","Spirit Air Lines","BDL","Hartford, CT: Bradley International",13.00,0.00,0.00,0.00,0.00,0.00,0.00,0.00,0.00,0.00,0.00,0.00,0.00,0.00,0.00,
2020,5,"OH","PSA Airlines Inc.","BDL","Hartford, CT: Bradley International",1.00,,0.00,0.00,0.00,0.00,0.00,1.00,0.00,0.00,0.00,0.00,0.00,0.00,0.00,
2020,5,"OO","SkyWest Airlines Inc.","BDL","Hartford, CT: Bradley International",3.00,0.00,0.00,0.00,0.00,0.00,0.00,0.00,0.00,0.00,0.00,0.00,0.00,0.00,0.00,
2020,5,"UA","United Air Lines Inc.","BDL","Hartford, CT: Bradley International",2.00,0.00,0.00,0.00,0.00,0.00,0.00,0.00,0.00,0.00,0.00,0.00,0.00,0.00,0.00,
2020,5,"WN","Southwest Airlines Co.","BDL","Hartford, CT: Bradley International",204.00,7.00,3.95,1.00,0.00,0.00,2.05,18.00,0.00,226.00,91.00,34.00,0.00,0.00,101.00,
2020,5,"YV","Mesa Airlines Inc.","BDL","Hartford, CT: Bradley International",31.00,0.00,0.00,0.00,0.00,0.00,0.00,1.00,0.00,0.00,0.00,0.00,0.00,0.00,0.00,
2020,5,"YX","Republic Airline","BDL","Hartford, CT: Bradley International",58.00,3.00,2.00,0.00,0.34,0.00,0.66,4.00,0.00,172.00,122.00,0.00,17.00,0.00,33.00,
2020,6,"9E","Endeavor Air Inc.","BDL","Hartford, CT: Bradley International",89.00,4.00,3.68,0.00,0.32,0.00,0.00,0.00,0.00,201.00,189.00,0.00,12.00,0.00,0.00,
2020,6,"AA","American Airlines Inc.","BDL","Hartford, CT: Bradley International",163.00,13.00,2.41,2.00,4.63,1.00,2.97,0.00,0.00,472.00,60.00,118.00,95.00,48.00,151.00,
2020,6,"B6","JetBlue Airways","BDL","Hartford, CT: Bradley International",84.00,15.00,2.09,1.28,6.28,0.00,5.36,0.00,0.00,886.00,99.00,33.00,200.00,0.00,554.00,
2020,6,"DL","Delta Air Lines Inc.","BDL","Hartford, CT: Bradley International",61.00,4.00,1.67,0.00,2.33,0.00,0.00,0.00,0.00,141.00,84.00,0.00,57.00,0.00,0.00,
2020,6,"F9","Frontier Airlines Inc.","BDL","Hartford, CT: Bradley International",16.00,0.00,0.00,0.00,0.00,0.00,0.00,0.00,0.00,0.00,0.00,0.00,0.00,0.00,0.00,
2020,6,"MQ","Envoy Air","BDL","Hartford, CT: Bradley International",22.00,1.00,1.00,0.00,0.00,0.00,0.00,0.00,0.00,34.00,34.00,0.00,0.00,0.00,0.00,
2020,6,"NK","Spirit Air Lines","BDL","Hartford, CT: Bradley International",34.00,2.00,1.00,0.00,0.00,0.00,1.00,0.00,0.00,60.00,20.00,0.00,0.00,0.00,40.00,
2020,6,"OH","PSA Airlines Inc.","BDL","Hartford, CT: Bradley International",27.00,2.00,2.00,0.00,0.00,0.00,0.00,0.00,0.00,69.00,69.00,0.00,0.00,0.00,0.00,
2020,6,"OO","SkyWest Airlines Inc.","BDL","Hartford, CT: Bradley International",46.00,5.00,3.00,2.00,0.00,0.00,0.00,0.00,0.00,329.00,90.00,239.00,0.00,0.00,0.00,
2020,6,"WN","Southwest Airlines Co.","BDL","Hartford, CT: Bradley International",236.00,25.00,7.43,4.62,4.24,0.00,8.71,0.00,0.00,1153.00,294.00,199.00,192.00,0.00,468.00,
2020,6,"YV","Mesa Airlines Inc.","BDL","Hartford, CT: Bradley International",30.00,4.00,1.00,1.00,2.00,0.00,0.00,0.00,0.00,308.00,25.00,144.00,139.00,0.00,0.00,
2020,6,"YX","Republic Airline","BDL","Hartford, CT: Bradley International",6.00,0.00,0.00,0.00,0.00,0.00,0.00,0.00,0.00,0.00,0.00,0.00,0.00,0.00,0.00,
2020,7,"9E","Endeavor Air Inc.","BDL","Hartford, CT: Bradley International",63.00,6.00,2.62,0.43,2.96,0.00,0.00,0.00,0.00,445.00,173.00,18.00,254.00,0.00,0.00,
2020,7,"AA","American Airlines Inc.","BDL","Hartford, CT: Bradley International",176.00,19.00,10.45,4.00,4.02,0.00,0.53,0.00,0.00,1032.00,457.00,377.00,174.00,0.00,24.00,
2020,7,"B6","JetBlue Airways","BDL","Hartford, CT: Bradley International",182.00,29.00,12.03,4.35,7.90,0.00,4.72,3.00,0.00,1690.00,914.00,345.00,260.00,0.00,171.00,
2020,7,"DL","Delta Air Lines Inc.","BDL","Hartford, CT: Bradley International",148.00,18.00,10.53,0.26,6.23,0.00,0.98,6.00,0.00,759.00,549.00,18.00,135.00,0.00,57.00,
2020,7,"F9","Frontier Airlines Inc.","BDL","Hartford, CT: Bradley International",17.00,2.00,0.93,0.00,1.07,0.00,0.00,1.00,0.00,101.00,66.00,0.00,35.00,0.00,0.00,
2020,7,"MQ","Envoy Air","BDL","Hartford, CT: Bradley International",4.00,0.00,0.00,0.00,0.00,0.00,0.00,0.00,0.00,0.00,0.00,0.00,0.00,0.00,0.00,
2020,7,"NK","Spirit Air Lines","BDL","Hartford, CT: Bradley International",134.00,17.00,4.52,6.37,4.16,0.00,1.95,0.00,0.00,901.00,171.00,330.00,271.00,0.00,129.00,
2020,7,"OH","PSA Airlines Inc.","BDL","Hartford, CT: Bradley International",31.00,5.00,0.95,0.48,1.74,0.00,1.83,0.00,0.00,504.00,123.00,66.00,127.00,0.00,188.00,
2020,7,"OO","SkyWest Airlines Inc.","BDL","Hartford, CT: Bradley International",96.00,9.00,6.00,0.00,0.00,0.00,3.00,0.00,0.00,514.00,302.00,0.00,0.00,0.00,212.00,
2020,7,"UA","United Air Lines Inc.","BDL","Hartford, CT: Bradley International",8.00,3.00,0.06,1.00,0.01,0.00,1.93,0.00,0.00,176.00,5.00,23.00,1.00,0.00,147.00,
2020,7,"WN","Southwest Airlines Co.","BDL","Hartford, CT: Bradley International",239.00,12.00,5.16,3.58,2.16,0.00,1.10,0.00,0.00,601.00,252.00,223.00,71.00,0.00,55.00,
2020,7,"YV","Mesa Airlines Inc.","BDL","Hartford, CT: Bradley International",57.00,10.00,4.00,3.00,3.00,0.00,0.00,0.00,0.00,664.00,330.00,215.00,119.00,0.00,0.00,
2020,7,"YX","Republic Airline","BDL","Hartford, CT: Bradley International",75.00,8.00,2.00,0.00,4.72,0.00,1.28,0.00,0.00,527.00,215.00,0.00,215.00,0.00,97.00,
2020,8,"9E","Endeavor Air Inc.","BDL","Hartford, CT: Bradley International",124.00,8.00,5.06,0.00,2.29,0.00,0.65,2.00,0.00,382.00,282.00,0.00,45.00,0.00,55.00,
2020,8,"AA","American Airlines Inc.","BDL","Hartford, CT: Bradley International",163.00,13.00,3.48,2.03,5.80,0.00,1.69,1.00,1.00,465.00,135.00,91.00,186.00,0.00,53.00,
2020,8,"B6","JetBlue Airways","BDL","Hartford, CT: Bradley International",89.00,19.00,4.77,4.25,8.05,0.00,1.93,0.00,0.00,722.00,186.00,188.00,292.00,0.00,56.00,
2020,8,"DL","Delta Air Lines Inc.","BDL","Hartford, CT: Bradley International",151.00,12.00,6.31,1.00,3.74,0.00,0.95,0.00,1.00,615.00,346.00,105.00,145.00,0.00,19.00,
2020,8,"F9","Frontier Airlines Inc.","BDL","Hartford, CT: Bradley International",14.00,2.00,1.01,0.00,0.00,0.00,0.99,0.00,0.00,140.00,54.00,0.00,0.00,0.00,86.00,
2020,8,"YX","Republic Airline","BDL","Hartford, CT: Bradley International",137.00,9.00,0.82,0.00,7.18,0.00,1.00,2.00,0.00,344.00,23.00,0.00,206.00,0.00,115.00,
2020,8,"NK","Spirit Air Lines","BDL","Hartford, CT: Bradley International",79.00,5.00,2.00,0.00,3.00,0.00,0.00,1.00,0.00,143.00,54.00,0.00,89.00,0.00,0.00,
2020,8,"OH","PSA Airlines Inc.","BDL","Hartford, CT: Bradley International",31.00,5.00,2.06,0.39,0.00,0.00,2.56,0.00,0.00,347.00,55.00,78.00,0.00,0.00,214.00,
2020,8,"OO","SkyWest Airlines Inc.","BDL","Hartford, CT: Bradley International",119.00,11.00,7.00,2.00,0.00,0.00,2.00,2.00,0.00,763.00,277.00,275.00,0.00,0.00,211.00,
2020,8,"UA","United Air Lines Inc.","BDL","Hartford, CT: Bradley International",29.00,3.00,1.23,0.35,0.65,0.00,0.77,0.00,0.00,193.00,53.00,25.00,46.00,0.00,69.00,
2020,8,"WN","Southwest Airlines Co.","BDL","Hartford, CT: Bradley International",288.00,18.00,6.72,1.00,2.73,0.00,7.55,6.00,1.00,912.00,248.00,50.00,86.00,0.00,528.00,
2020,8,"YV","Mesa Airlines Inc.","BDL","Hartford, CT: Bradley International",62.00,11.00,7.00,2.00,2.00,0.00,0.00,1.00,0.00,706.00,487.00,165.00,54.00,0.00,0.00,
2020,9,"9E","Endeavor Air Inc.","BDL","Hartford, CT: Bradley International",118.00,3.00,3.00,0.00,0.00,0.00,0.00,0.00,0.00,117.00,117.00,0.00,0.00,0.00,0.00,
2020,9,"AA","American Airlines Inc.","BDL","Hartford, CT: Bradley International",79.00,7.00,4.47,1.00,1.12,0.00,0.41,0.00,0.00,235.00,182.00,16.00,25.00,0.00,12.00,
2020,9,"B6","JetBlue Airways","BDL","Hartford, CT: Bradley International",57.00,8.00,2.94,0.98,2.32,0.00,1.76,0.00,0.00,230.00,97.00,41.00,52.00,0.00,40.00,
2020,9,"DL","Delta Air Lines Inc.","BDL","Hartford, CT: Bradley International",141.00,4.00,4.00,0.00,0.00,0.00,0.00,0.00,1.00,248.00,248.00,0.00,0.00,0.00,0.00,
2020,9,"F9","Frontier Airlines Inc.","BDL","Hartford, CT: Bradley International",13.00,1.00,0.00,0.00,1.00,0.00,0.00,0.00,0.00,17.00,0.00,0.00,17.00,0.00,0.00,
2020,9,"NK","Spirit Air Lines","BDL","Hartford, CT: Bradley International",49.00,4.00,2.97,0.00,1.03,0.00,0.00,0.00,0.00,183.00,160.00,0.00,23.00,0.00,0.00,
2020,9,"OH","PSA Airlines Inc.","BDL","Hartford, CT: Bradley International",22.00,4.00,2.00,0.72,1.28,0.00,0.00,0.00,0.00,141.00,54.00,43.00,44.00,0.00,0.00,
2020,9,"OO","SkyWest Airlines Inc.","BDL","Hartford, CT: Bradley International",65.00,3.00,3.00,0.00,0.00,0.00,0.00,0.00,0.00,220.00,220.00,0.00,0.00,0.00,0.00,
2020,9,"UA","United Air Lines Inc.","BDL","Hartford, CT: Bradley International",30.00,0.00,0.00,0.00,0.00,0.00,0.00,0.00,0.00,0.00,0.00,0.00,0.00,0.00,0.00,
2020,9,"WN","Southwest Airlines Co.","BDL","Hartford, CT: Bradley International",151.00,12.00,10.19,0.00,0.27,0.00,1.54,0.00,0.00,464.00,345.00,0.00,4.00,0.00,115.00,
2020,9,"YV","Mesa Airlines Inc.","BDL","Hartford, CT: Bradley International",58.00,3.00,2.00,0.00,1.00,0.00,0.00,0.00,0.00,152.00,134.00,0.00,18.00,0.00,0.00,
2020,9,"YX","Republic Airline","BDL","Hartford, CT: Bradley International",144.00,3.00,2.99,0.00,0.01,0.00,0.00,0.00,0.00,268.00,267.00,0.00,1.00,0.00,0.00,
2020,10,"9E","Endeavor Air Inc.","BDL","Hartford, CT: Bradley International",146.00,6.00,2.00,1.44,1.15,0.00,1.41,0.00,0.00,510.00,85.00,83.00,70.00,0.00,272.00,
2020,10,"AA","American Airlines Inc.","BDL","Hartford, CT: Bradley International",97.00,6.00,4.10,0.00,0.03,0.00,1.87,0.00,0.00,1384.00,379.00,0.00,5.00,0.00,1000.00,
2020,10,"B6","JetBlue Airways","BDL","Hartford, CT: Bradley International",120.00,14.00,5.98,0.00,0.85,0.00,7.17,0.00,0.00,862.00,208.00,0.00,19.00,0.00,635.00,
2020,10,"DL","Delta Air Lines Inc.","BDL","Hartford, CT: Bradley International",110.00,3.00,3.00,0.00,0.00,0.00,0.00,0.00,0.00,259.00,259.00,0.00,0.00,0.00,0.00,
2020,10,"F9","Frontier Airlines Inc.","BDL","Hartford, CT: Bradley International",17.00,2.00,2.00,0.00,0.00,0.00,0.00,0.00,0.00,62.00,62.00,0.00,0.00,0.00,0.00,
2020,10,"NK","Spirit Air Lines","BDL","Hartford, CT: Bradley International",41.00,1.00,1.00,0.00,0.00,0.00,0.00,0.00,0.00,46.00,46.00,0.00,0.00,0.00,0.00,
2020,10,"OH","PSA Airlines Inc.","BDL","Hartford, CT: Bradley International",21.00,5.00,1.61,0.00,3.12,0.00,0.27,0.00,0.00,129.00,53.00,0.00,68.00,0.00,8.00,
2020,10,"OO","SkyWest Airlines Inc.","BDL","Hartford, CT: Bradley International",62.00,8.00,2.00,2.00,1.00,0.00,3.00,0.00,0.00,475.00,62.00,122.00,16.00,0.00,275.00,
2020,10,"UA","United Air Lines Inc.","BDL","Hartford, CT: Bradley International",39.00,1.00,0.07,0.00,0.00,0.00,0.93,1.00,0.00,45.00,3.00,0.00,0.00,0.00,42.00,
2020,10,"WN","Southwest Airlines Co.","BDL","Hartford, CT: Bradley International",160.00,9.00,5.31,0.98,0.47,0.00,2.24,0.00,0.00,395.00,291.00,44.00,12.00,0.00,48.00,
2020,10,"YV","Mesa Airlines Inc.","BDL","Hartford, CT: Bradley International",46.00,2.00,1.00,0.00,1.00,0.00,0.00,0.00,0.00,57.00,28.00,0.00,29.00,0.00,0.00,
2020,10,"YX","Republic Airline","BDL","Hartford, CT: Bradley International",136.00,9.00,2.85,0.00,4.24,0.00,1.92,0.00,0.00,341.00,131.00,0.00,98.00,0.00,112.00,
2020,11,"9E","Endeavor Air Inc.","BDL","Hartford, CT: Bradley International",149.00,12.00,4.14,0.18,7.68,0.00,0.00,0.00,0.00,350.00,93.00,6.00,251.00,0.00,0.00,
2020,11,"AA","American Airlines Inc.","BDL","Hartford, CT: Bradley International",150.00,19.00,12.61,0.00,5.21,0.00,1.18,0.00,0.00,714.00,486.00,0.00,164.00,0.00,64.00,
2020,11,"B6","JetBlue Airways","BDL","Hartford, CT: Bradley International",155.00,12.00,6.56,0.00,4.83,0.00,0.61,1.00,0.00,656.00,505.00,0.00,129.00,0.00,22.00,
2020,11,"DL","Delta Air Lines Inc.","BDL","Hartford, CT: Bradley International",116.00,5.00,2.48,0.00,1.23,0.00,1.29,1.00,0.00,225.00,166.00,0.00,29.00,0.00,30.00,
2020,11,"F9","Frontier Airlines Inc.","BDL","Hartford, CT: Bradley International",10.00,0.00,0.00,0.00,0.00,0.00,0.00,0.00,0.00,0.00,0.00,0.00,0.00,0.00,0.00,
2020,11,"NK","Spirit Air Lines","BDL","Hartford, CT: Bradley International",80.00,5.00,0.05,0.00,3.01,0.00,1.93,0.00,0.00,246.00,4.00,0.00,132.00,0.00,110.00,
2020,11,"OH","PSA Airlines Inc.","BDL","Hartford, CT: Bradley International",58.00,3.00,0.00,0.00,0.00,0.00,3.00,0.00,0.00,212.00,0.00,0.00,0.00,0.00,212.00,
2020,11,"OO","SkyWest Airlines Inc.","BDL","Hartford, CT: Bradley International",50.00,6.00,6.00,0.00,0.00,0.00,0.00,0.00,0.00,394.00,394.00,0.00,0.00,0.00,0.00,
2020,11,"UA","United Air Lines Inc.","BDL","Hartford, CT: Bradley International",30.00,3.00,1.05,0.00,1.95,0.00,0.00,0.00,0.00,91.00,33.00,0.00,58.00,0.00,0.00,
2020,11,"WN","Southwest Airlines Co.","BDL","Hartford, CT: Bradley International",217.00,12.00,7.41,0.35,2.61,0.00,1.63,1.00,1.00,652.00,456.00,19.00,70.00,0.00,107.00,
2020,11,"YV","Mesa Airlines Inc.","BDL","Hartford, CT: Bradley International",53.00,6.00,3.00,0.00,2.00,0.00,1.00,0.00,0.00,300.00,72.00,0.00,106.00,0.00,122.00,
2020,11,"YX","Republic Airline","BDL","Hartford, CT: Bradley International",88.00,11.00,2.84,0.05,7.74,0.00,0.37,0.00,0.00,501.00,212.00,3.00,265.00,0.00,21.00,
2020,12,"9E","Endeavor Air Inc.","BDL","Hartford, CT: Bradley International",150.00,19.00,5.70,0.00,12.07,0.00,1.23,3.00,0.00,846.00,423.00,0.00,389.00,0.00,34.00,
2020,12,"AA","American Airlines Inc.","BDL","Hartford, CT: Bradley International",100.00,10.00,3.15,0.00,4.90,0.00,1.95,3.00,1.00,354.00,106.00,0.00,130.00,0.00,118.00,
2020,12,"B6","JetBlue Airways","BDL","Hartford, CT: Bradley International",182.00,41.00,14.90,0.00,14.54,0.00,11.56,2.00,1.00,2203.00,798.00,0.00,643.00,0.00,762.00,
2020,12,"DL","Delta Air Lines Inc.","BDL","Hartford, CT: Bradley International",111.00,21.00,8.22,1.00,11.17,0.00,0.61,0.00,0.00,1371.00,443.00,631.00,278.00,0.00,19.00,
2020,12,"F9","Frontier Airlines Inc.","BDL","Hartford, CT: Bradley International",12.00,0.00,0.00,0.00,0.00,0.00,0.00,0.00,0.00,0.00,0.00,0.00,0.00,0.00,0.00,
2020,12,"MQ","Envoy Air","BDL","Hartford, CT: Bradley International",15.00,4.00,0.22,0.56,0.93,0.00,2.29,0.00,0.00,303.00,15.00,58.00,26.00,0.00,204.00,
2020,12,"NK","Spirit Air Lines","BDL","Hartford, CT: Bradley International",70.00,15.00,4.27,0.00,6.88,0.62,3.24,0.00,0.00,1197.00,252.00,0.00,697.00,32.00,216.00,
2020,12,"OH","PSA Airlines Inc.","BDL","Hartford, CT: Bradley International",97.00,9.00,3.13,0.54,3.87,0.00,1.46,1.00,0.00,324.00,96.00,21.00,137.00,0.00,70.00,
2020,12,"OO","SkyWest Airlines Inc.","BDL","Hartford, CT: Bradley International",,,,,,,,,,,,,,,,
2020,12,"UA","United Air Lines Inc.","BDL","Hartford, CT: Bradley International",33.00,10.00,4.65,0.00,2.72,0.00,2.63,1.00,0.00,549.00,300.00,0.00,73.00,0.00,176.00,
2020,12,"WN","Southwest Airlines Co.","BDL","Hartford, CT: Bradley International",169.00,30.00,20.45,0.00,3.65,0.00,5.91,4.00,0.00,1118.00,697.00,0.00,98.00,0.00,323.00,
2020,12,"YV","Mesa Airlines Inc.","BDL","Hartford, CT: Bradley International",56.00,9.00,5.00,2.00,2.00,0.00,0.00,1.00,0.00,689.00,398.00,107.00,184.00,0.00,0.00,
2020,12,"YX","Republic Airline","BDL","Hartford, CT: Bradley International",120.00,16.00,4.49,0.00,10.52,0.00,0.99,3.00,0.00,749.00,232.00,0.00,374.00,0.00,143.00,
2019,6,"OO","SkyWest Airlines Inc.","BDL","Hartford, CT: Bradley International",25.00,3.00,2.00,0.00,1.00,0.00,0.00,1.00,0.00,90.00,70.00,0.00,20.00,0.00,0.00,
2019,6,"UA","United Air Lines Inc.","BDL","Hartford, CT: Bradley International",196.00,64.00,12.58,4.27,14.62,0.00,32.53,1.00,0.00,4420.00,624.00,329.00,736.00,0.00,2731.00,
2019,6,"WN","Southwest Airlines Co.","BDL","Hartford, CT: Bradley International",467.00,100.00,31.34,3.73,19.66,0.00,45.27,9.00,1.00,6665.00,1093.00,320.00,1585.00,0.00,3667.00,
2019,6,"YV","Mesa Airlines Inc.","BDL","Hartford, CT: Bradley International",89.00,23.00,5.00,6.00,6.00,1.00,5.00,2.00,0.00,2794.00,600.00,598.00,652.00,77.00,867.00,
2019,6,"YX","Republic Airline","BDL","Hartford, CT: Bradley International",66.00,6.00,2.00,0.00,0.73,0.00,3.27,1.00,0.00,366.00,87.00,0.00,19.00,0.00,260.00,
2019,7,"9E","Endeavor Air Inc.","BDL","Hartford, CT: Bradley International",44.00,12.00,1.96,0.00,1.44,0.00,8.61,2.00,0.00,1121.00,135.00,0.00,87.00,0.00,899.00,
2019,7,"AA","American Airlines Inc.","BDL","Hartford, CT: Bradley International",415.00,126.00,43.60,9.56,23.50,1.00,48.34,7.00,0.00,7847.00,2790.00,843.00,1112.00,17.00,3085.00,
2019,7,"B6","JetBlue Airways","BDL","Hartford, CT: Bradley International",262.00,88.00,27.95,5.59,15.25,0.00,39.20,4.00,0.00,7628.00,2107.00,697.00,927.00,0.00,3897.00,
2019,7,"DL","Delta Air Lines Inc.","BDL","Hartford, CT: Bradley International",451.00,71.00,33.44,3.67,16.08,0.00,17.82,0.00,0.00,4748.00,2758.00,226.00,572.00,0.00,1192.00,
2019,7,"UA","United Air Lines Inc.","BDL","Hartford, CT: Bradley International",175.00,49.00,11.13,7.70,17.93,0.00,12.24,2.00,0.00,3194.00,555.00,522.00,789.00,0.00,1328.00,
2019,7,"WN","Southwest Airlines Co.","BDL","Hartford, CT: Bradley International",452.00,117.00,39.06,8.86,26.87,0.00,42.22,6.00,0.00,7036.00,1778.00,841.00,1409.00,0.00,3008.00,
2019,7,"YV","Mesa Airlines Inc.","BDL","Hartford, CT: Bradley International",95.00,23.00,8.00,6.00,4.00,0.00,5.00,2.00,0.00,1619.00,364.00,520.00,210.00,0.00,525.00,
2019,7,"YX","Republic Airline","BDL","Hartford, CT: Bradley International",65.00,9.00,1.75,0.00,3.60,0.00,3.64,2.00,0.00,525.00,115.00,0.00,235.00,0.00,175.00,
2019,7,"F9","Frontier Airlines Inc.","BDL","Hartford, CT: Bradley International",40.00,10.00,4.31,0.28,2.09,0.00,3.33,0.00,0.00,1002.00,318.00,8.00,305.00,0.00,371.00,
2019,7,"MQ","Envoy Air","BDL","Hartford, CT: Bradley International",22.00,10.00,2.79,1.00,2.36,0.00,3.86,1.00,0.00,550.00,161.00,45.00,130.00,0.00,214.00,
2019,7,"NK","Spirit Air Lines","BDL","Hartford, CT: Bradley International",133.00,37.00,7.94,6.28,14.52,0.00,8.25,6.00,1.00,2496.00,426.00,420.00,910.00,0.00,740.00,
2019,7,"OH","PSA Airlines Inc.","BDL","Hartford, CT: Bradley International",146.00,41.00,11.89,2.10,8.09,0.00,18.92,9.00,1.00,2297.00,570.00,386.00,446.00,0.00,895.00,
2019,7,"OO","SkyWest Airlines Inc.","BDL","Hartford, CT: Bradley International",54.00,9.00,4.26,0.00,2.03,0.00,2.72,2.00,0.00,714.00,401.00,0.00,142.00,0.00,171.00,
2019,8,"9E","Endeavor Air Inc.","BDL","Hartford, CT: Bradley International",52.00,27.00,3.62,1.13,1.58,0.00,20.68,1.00,0.00,1771.00,194.00,27.00,82.00,0.00,1468.00,
2019,8,"AA","American Airlines Inc.","BDL","Hartford, CT: Bradley International",427.00,112.00,45.49,9.69,15.80,0.00,41.03,4.00,2.00,7502.00,2512.00,805.00,773.00,0.00,3412.00,
2019,8,"B6","JetBlue Airways","BDL","Hartford, CT: Bradley International",248.00,84.00,31.26,6.09,7.19,0.00,39.46,1.00,1.00,8153.00,2888.00,416.00,389.00,0.00,4460.00,
2019,8,"DL","Delta Air Lines Inc.","BDL","Hartford, CT: Bradley International",473.00,55.00,34.72,1.00,8.10,0.00,11.18,0.00,0.00,3529.00,2635.00,89.00,273.00,0.00,532.00,
2019,8,"F9","Frontier Airlines Inc.","BDL","Hartford, CT: Bradley International",47.00,14.00,8.86,0.00,2.07,0.00,3.07,2.00,0.00,905.00,442.00,0.00,75.00,0.00,388.00,
2019,8,"MQ","Envoy Air","BDL","Hartford, CT: Bradley International",26.00,6.00,0.59,0.75,2.69,0.00,1.98,1.00,0.00,436.00,10.00,57.00,199.00,0.00,170.00,
2019,8,"NK","Spirit Air Lines","BDL","Hartford, CT: Bradley International",133.00,31.00,10.02,1.23,11.37,0.18,8.19,4.00,0.00,1950.00,725.00,54.00,600.00,9.00,562.00,
2019,8,"OH","PSA Airlines Inc.","BDL","Hartford, CT: Bradley International",144.00,53.00,18.42,3.37,11.04,0.00,20.18,2.00,1.00,3514.00,1029.00,570.00,640.00,0.00,1275.00,
2019,8,"OO","SkyWest Airlines Inc.","BDL","Hartford, CT: Bradley International",42.00,1.00,1.00,0.00,0.00,0.00,0.00,0.00,0.00,18.00,18.00,0.00,0.00,0.00,0.00,
2019,8,"UA","United Air Lines Inc.","BDL","Hartford, CT: Bradley International",186.00,32.00,8.64,1.50,8.33,0.00,13.53,1.00,0.00,1812.00,509.00,105.00,308.00,0.00,890.00,
2019,8,"WN","Southwest Airlines Co.","BDL","Hartford, CT: Bradley International",412.00,77.00,32.64,3.37,8.48,0.00,32.51,2.00,1.00,3693.00,1379.00,129.00,331.00,0.00,1854.00,
2019,8,"YV","Mesa Airlines Inc.","BDL","Hartford, CT: Bradley International",101.00,25.00,8.00,2.00,6.00,0.00,9.00,2.00,0.00,1949.00,540.00,242.00,230.00,0.00,937.00,
2019,8,"YX","Republic Airline","BDL","Hartford, CT: Bradley International",71.00,7.00,0.12,0.55,2.47,0.00,3.86,0.00,0.00,568.00,12.00,56.00,165.00,0.00,335.00,
2019,9,"9E","Endeavor Air Inc.","BDL","Hartford, CT: Bradley International",25.00,5.00,0.00,0.00,1.05,0.00,3.95,0.00,0.00,286.00,0.00,0.00,25.00,0.00,261.00,
2019,9,"AA","American Airlines Inc.","BDL","Hartford, CT: Bradley International",443.00,63.00,28.43,0.33,14.38,0.00,19.86,1.00,1.00,3297.00,1499.00,33.00,592.00,0.00,1173.00,
2019,9,"B6","JetBlue Airways","BDL","Hartford, CT: Bradley International",256.00,47.00,20.95,1.09,7.53,0.00,17.43,9.00,0.00,3411.00,1511.00,82.00,275.00,0.00,1543.00,
2019,9,"DL","Delta Air Lines Inc.","BDL","Hartford, CT: Bradley International",422.00,35.00,19.91,2.44,5.48,0.00,7.17,0.00,0.00,2455.00,1109.00,763.00,199.00,0.00,384.00,
2019,9,"F9","Frontier Airlines Inc.","BDL","Hartford, CT: Bradley International",40.00,2.00,1.16,0.00,0.84,0.00,0.00,2.00,0.00,36.00,20.00,0.00,16.00,0.00,0.00,
2019,9,"MQ","Envoy Air","BDL","Hartford, CT: Bradley International",29.00,2.00,0.00,0.00,1.00,0.00,1.00,0.00,0.00,217.00,0.00,0.00,40.00,0.00,177.00,
2019,9,"NK","Spirit Air Lines","BDL","Hartford, CT: Bradley International",135.00,12.00,5.52,0.00,3.60,0.00,2.88,9.00,0.00,1045.00,163.00,0.00,601.00,0.00,281.00,
2019,9,"OH","PSA Airlines Inc.","BDL","Hartford, CT: Bradley International",118.00,25.00,7.20,0.00,1.98,1.00,14.82,0.00,0.00,1115.00,208.00,0.00,51.00,33.00,823.00,
2019,9,"OO","SkyWest Airlines Inc.","BDL","Hartford, CT: Bradley International",34.00,6.00,1.85,1.00,2.31,0.00,0.84,0.00,0.00,631.00,386.00,129.00,46.00,0.00,70.00,
2019,9,"UA","United Air Lines Inc.","BDL","Hartford, CT: Bradley International",170.00,17.00,4.35,1.03,5.66,0.00,5.96,2.00,0.00,656.00,157.00,107.00,195.00,0.00,197.00,
2019,9,"WN","Southwest Airlines Co.","BDL","Hartford, CT: Bradley International",385.00,39.00,22.46,0.22,6.03,0.00,10.29,8.00,0.00,1173.00,692.00,10.00,147.00,0.00,324.00,
2019,9,"YV","Mesa Airlines Inc.","BDL","Hartford, CT: Bradley International",92.00,18.00,11.00,1.00,2.00,0.00,4.00,1.00,0.00,784.00,530.00,95.00,39.00,0.00,120.00,
2019,9,"YX","Republic Airline","BDL","Hartford, CT: Bradley International",78.00,3.00,0.00,0.00,3.00,0.00,0.00,0.00,0.00,54.00,0.00,0.00,54.00,0.00,0.00,
2019,10,"9E","Endeavor Air Inc.","BDL","Hartford, CT: Bradley International",47.00,5.00,2.33,0.00,0.06,0.00,2.61,0.00,0.00,156.00,64.00,0.00,3.00,0.00,89.00,
2019,10,"AA","American Airlines Inc.","BDL","Hartford, CT: Bradley International",460.00,69.00,29.96,1.86,14.98,0.00,22.21,6.00,1.00,2910.00,1225.00,57.00,459.00,0.00,1169.00,
2019,10,"B6","JetBlue Airways","BDL","Hartford, CT: Bradley International",272.00,53.00,18.50,0.00,9.90,0.00,24.60,0.00,2.00,4746.00,1684.00,0.00,641.00,0.00,2421.00,
2019,10,"DL","Delta Air Lines Inc.","BDL","Hartford, CT: Bradley International",447.00,50.00,27.24,1.00,10.11,0.00,11.66,0.00,3.00,2188.00,1138.00,89.00,318.00,0.00,643.00,
2019,10,"F9","Frontier Airlines Inc.","BDL","Hartford, CT: Bradley International",42.00,6.00,2.16,0.83,1.01,0.00,2.00,2.00,0.00,323.00,174.00,40.00,34.00,0.00,75.00,
2019,10,"MQ","Envoy Air","BDL","Hartford, CT: Bradley International",3.00,0.00,0.00,0.00,0.00,0.00,0.00,0.00,1.00,0.00,0.00,0.00,0.00,0.00,0.00,
2019,10,"NK","Spirit Air Lines","BDL","Hartford, CT: Bradley International",135.00,12.00,3.33,0.00,3.77,0.00,4.90,0.00,1.00,731.00,223.00,0.00,196.00,0.00,312.00,
2019,10,"OH","PSA Airlines Inc.","BDL","Hartford, CT: Bradley International",117.00,28.00,7.43,0.61,1.70,0.00,18.26,3.00,0.00,1677.00,416.00,117.00,93.00,0.00,1051.00,
2019,10,"OO","SkyWest Airlines Inc.","BDL","Hartford, CT: Bradley International",36.00,6.00,4.00,0.00,1.44,0.00,0.56,1.00,0.00,160.00,122.00,0.00,28.00,0.00,10.00,
2019,10,"UA","United Air Lines Inc.","BDL","Hartford, CT: Bradley International",221.00,21.00,5.53,0.99,4.82,0.00,9.65,2.00,0.00,1591.00,463.00,166.00,193.00,0.00,769.00,
2019,10,"WN","Southwest Airlines Co.","BDL","Hartford, CT: Bradley International",395.00,59.00,27.82,0.00,8.44,0.91,21.83,9.00,3.00,2459.00,1336.00,0.00,296.00,20.00,807.00,
2019,10,"YV","Mesa Airlines Inc.","BDL","Hartford, CT: Bradley International",71.00,15.00,9.00,0.00,1.00,0.00,5.00,0.00,0.00,811.00,517.00,0.00,16.00,0.00,278.00,
2019,10,"YX","Republic Airline","BDL","Hartford, CT: Bradley International",88.00,8.00,0.09,0.00,2.91,0.00,5.01,3.00,0.00,473.00,2.00,0.00,174.00,0.00,297.00,
2019,11,"9E","Endeavor Air Inc.","BDL","Hartford, CT: Bradley International",52.00,5.00,0.54,0.00,0.60,0.00,3.87,0.00,0.00,277.00,17.00,0.00,54.00,0.00,206.00,
2019,11,"AA","American Airlines Inc.","BDL","Hartford, CT: Bradley International",436.00,55.00,30.80,0.78,10.51,0.00,12.91,3.00,0.00,2397.00,1284.00,122.00,287.00,0.00,704.00,
2019,11,"B6","JetBlue Airways","BDL","Hartford, CT: Bradley International",266.00,78.00,22.33,0.00,7.68,0.00,47.99,0.00,0.00,4952.00,1487.00,0.00,285.00,0.00,3180.00,
2019,11,"DL","Delta Air Lines Inc.","BDL","Hartford, CT: Bradley International",408.00,30.00,12.64,0.09,6.87,0.00,10.40,1.00,0.00,2140.00,886.00,20.00,344.00,0.00,890.00,
2019,11,"F9","Frontier Airlines Inc.","BDL","Hartford, CT: Bradley International",42.00,13.00,4.67,0.00,1.11,0.00,7.22,0.00,0.00,924.00,322.00,0.00,42.00,0.00,560.00,
2019,11,"NK","Spirit Air Lines","BDL","Hartford, CT: Bradley International",159.00,17.00,10.07,0.00,2.76,0.00,4.17,0.00,0.00,1044.00,688.00,0.00,127.00,0.00,229.00,
2019,11,"OH","PSA Airlines Inc.","BDL","Hartford, CT: Bradley International",144.00,26.00,6.71,0.00,4.15,0.20,14.94,1.00,0.00,1794.00,369.00,0.00,197.00,6.00,1222.00,
2019,11,"OO","SkyWest Airlines Inc.","BDL","Hartford, CT: Bradley International",41.00,6.00,5.00,0.00,0.50,0.00,0.50,0.00,0.00,435.00,361.00,0.00,37.00,0.00,37.00,
2019,11,"UA","United Air Lines Inc.","BDL","Hartford, CT: Bradley International",155.00,21.00,4.30,0.16,9.12,0.00,7.43,1.00,0.00,1108.00,164.00,11.00,352.00,0.00,581.00,
2019,11,"WN","Southwest Airlines Co.","BDL","Hartford, CT: Bradley International",464.00,82.00,32.33,0.00,13.17,0.00,36.50,1.00,0.00,3140.00,1173.00,0.00,347.00,0.00,1620.00,
2019,11,"YV","Mesa Airlines Inc.","BDL","Hartford, CT: Bradley International",102.00,9.00,7.00,0.00,0.00,0.00,2.00,0.00,0.00,1117.00,1058.00,0.00,0.00,0.00,59.00,
2019,11,"YX","Republic Airline","BDL","Hartford, CT: Bradley International",80.00,9.00,5.69,0.00,1.74,0.00,1.58,1.00,0.00,455.00,222.00,0.00,49.00,0.00,184.00,
2018,12,"9E","Endeavor Air Inc.","BDL","Hartford, CT: Bradley International",95.00,14.00,5.40,0.36,4.34,0.00,3.90,0.00,0.00,793.00,416.00,9.00,105.00,0.00,263.00,
2018,12,"AA","American Airlines Inc.","BDL","Hartford, CT: Bradley International",435.00,74.00,28.43,4.51,20.16,0.63,20.27,6.00,0.00,3425.00,1102.00,307.00,565.00,30.00,1421.00,
2018,12,"B6","JetBlue Airways","BDL","Hartford, CT: Bradley International",328.00,84.00,33.58,1.28,9.40,0.00,39.73,0.00,0.00,5069.00,1922.00,44.00,310.00,0.00,2793.00,
2018,12,"DL","Delta Air Lines Inc.","BDL","Hartford, CT: Bradley International",343.00,25.00,14.37,0.48,3.13,0.00,7.02,0.00,0.00,1060.00,644.00,22.00,86.00,0.00,308.00,
2018,12,"EV","ExpressJet Airlines Inc.","BDL","Hartford, CT: Bradley International",34.00,11.00,1.69,0.00,5.43,0.00,3.88,1.00,0.00,690.00,161.00,0.00,276.00,0.00,253.00,
2018,12,"MQ","Envoy Air","BDL","Hartford, CT: Bradley International",26.00,4.00,0.57,0.16,1.49,0.00,1.78,0.00,0.00,236.00,17.00,8.00,62.00,0.00,149.00,
2018,12,"NK","Spirit Air Lines","BDL","Hartford, CT: Bradley International",168.00,30.00,11.33,0.00,16.32,1.00,1.35,0.00,0.00,2043.00,846.00,0.00,1102.00,17.00,78.00,
2018,12,"OH","PSA Airlines Inc.","BDL","Hartford, CT: Bradley International",153.00,20.00,7.69,1.00,3.24,0.00,8.07,2.00,1.00,1178.00,408.00,29.00,115.00,0.00,626.00,
2018,12,"OO","SkyWest Airlines Inc.","BDL","Hartford, CT: Bradley International",16.00,8.00,5.51,0.00,0.26,0.00,2.23,0.00,0.00,514.00,425.00,0.00,14.00,0.00,75.00,
2018,12,"UA","United Air Lines Inc.","BDL","Hartford, CT: Bradley International",174.00,21.00,6.55,0.00,4.46,0.00,9.99,0.00,0.00,962.00,177.00,0.00,150.00,0.00,635.00,
2018,12,"WN","Southwest Airlines Co.","BDL","Hartford, CT: Bradley International",556.00,121.00,55.76,0.72,9.23,1.44,53.85,2.00,0.00,6026.00,2389.00,46.00,474.00,56.00,3061.00,
2018,12,"YV","Mesa Airlines Inc.","BDL","Hartford, CT: Bradley International",82.00,7.00,3.00,0.00,2.00,0.00,2.00,1.00,0.00,225.00,111.00,0.00,39.00,0.00,75.00,
2018,12,"YX","Republic Airline","BDL","Hartford, CT: Bradley International",37.00,5.00,1.26,0.00,1.62,0.00,2.12,0.00,0.00,219.00,52.00,0.00,49.00,0.00,118.00,
2019,1,"9E","Endeavor Air Inc.","BDL","Hartford, CT: Bradley International",102.00,17.00,4.11,2.09,2.52,0.00,8.28,1.00,0.00,1018.00,254.00,75.00,92.00,0.00,597.00,
2019,1,"AA","American Airlines Inc.","BDL","Hartford, CT: Bradley International",428.00,76.00,33.00,5.40,22.24,0.05,15.31,13.00,0.00,3254.00,1429.00,297.00,764.00,3.00,761.00,
2019,1,"B6","JetBlue Airways","BDL","Hartford, CT: Bradley International",356.00,87.00,39.30,0.00,11.57,0.00,36.13,15.00,1.00,7333.00,3407.00,0.00,488.00,0.00,3438.00,
2019,1,"DL","Delta Air Lines Inc.","BDL","Hartford, CT: Bradley International",324.00,31.00,14.01,7.17,7.81,0.00,2.01,1.00,0.00,3646.00,919.00,2424.00,238.00,0.00,65.00,
2019,1,"MQ","Envoy Air","BDL","Hartford, CT: Bradley International",28.00,7.00,1.18,1.05,2.28,0.00,2.49,4.00,0.00,426.00,79.00,28.00,159.00,0.00,160.00,
